id,name,exec_date,status,exec_datetime
1,测试任务-hellow world 1,20181201,success,
1,测试任务-hellow world 2,20181202,failed,
1,测试任务-hellow world 3,20181203,success,
2,测试任务-hellow world 1,20181201,success,
2,测试任务-hellow world 2,20181202,success,
2,测试任务-hellow world 3,20181203,success,
3,测试任务-hellow world 3,20181203,success,
1,测试任务-hellow world 1,20181111,success,2018/12/21 17:18
1,测试任务-hellow world 1,20181208,success,2018/12/21 17:20
1,测试任务-hellow world 1,20181217,success,2018/12/21 17:20
2,测试任务-hellow world 2,20181217,success,2018/12/21 17:20
1,测试任务-hellow world 1,20181218,success,2018/12/21 17:22
2,测试任务-hellow world 2,20181218,success,2018/12/21 17:22
3,测试任务-hellow world 3,20181201,success,2018/12/21 18:14
1,测试任务-hellow world 1,20181220,success,2018/12/21 18:14
2,测试任务-hellow world 2,20181220,success,2018/12/21 18:14
3,测试任务-hellow world 3,20181220,success,2018/12/21 18:14

1,测试任务-hellow world 1,20181211,success,2018-12-21 18:16:01
2,测试任务-hellow world 2,20181211,success,2018-12-21 18:16:02
3,测试任务-hellow world 3,20181211,success,2018-12-21 18:16:02
3,测试任务-hellow world 3,20181111,success,2018-12-21 18:20:07
1,测试任务-hellow world 1,20181204,success,2018-12-21 18:20:25
2,测试任务-hellow world 2,20181204,success,2018-12-21 18:21:00
3,测试任务-hellow world 3,20181204,success,2018-12-21 18:21:00
1,测试任务-hellow world 1,20181205,success,2018-12-21 18:21:59
2,测试任务-hellow world 2,20181205,success,2018-12-21 18:21:59
3,测试任务-hellow world 3,20181205,success,2018-12-21 18:21:59
1,测试任务-hellow world 1,20181206,success,2018-12-21 18:22:38